Method,TileSize,Repetition,CompileTime(s)
SpecConst,4,0,2.7075560092926025
SpecConst,8,1,2.7075560092926025
SpecConst,16,2,2.7075560092926025
SpecConst,32,3,2.7075560092926025
SpecConst,64,4,2.7075560092926025
SpecConst,128,5,2.7075560092926025
SpecConst,4,6,2.7075560092926025
SpecConst,8,7,2.7075560092926025
